X179JS4M,10
6ATJQ035,10
TJ561SGM,10
CKDP7Z2I,10
NXCUYW25,10
F4KP6DNZ,10
OAQFV09B,10
2AD5ULVI,10
L1YQGTWE,10
WVKIN92S,10
RK48V7D2,10
27EA3R8D,10
9Y57G1NE,10
GRHNQDKT,10
PDIC0BA4,10
UXA519ZC,10
IOETAG18,10
UPQ7XVB9,10
WK2H7Q8J,10
0PYC547V,10
MIZ6091P,10
9UXSIZ26,10
VNITF65X,10
4V3E0FMH,10
JY9MVNXQ,10
9BPOSAX6,10
V61J8KEH,10
42T0X5GJ,10
DE03JPV7,10
FP5R74BU,10
XF7WYD8O,10
86ZRT9ML,10
5ZFYWARE,10
IFGC53MH,10
Q256RHAF,10
EU950HBN,10
IM58OSQ1,10
51JPV6GW,10
0UXAVGMD,10
RDZ9NG2I,10
A9VMQBW5,10
1CRMUAQ7,10
7L8GCMSQ,10
12OH6IBJ,10
JPL73N4A,10
M5K6FBQO,10
RIQK7YMN,10
V260YCI4,10
WRF9UY7L,10
9B73VY5J,10
M9S6K1RT,10
2X3P10KC,10
S093NHCG,10
6SY74FEX,10
WZE5IY1S,10
B48NPLFA,10
XFZKRODW,10
6ZOIQ4H9,10
N6K0LTMO,10
NSJXQ7OZ,10
I4ZX381G,10
NCIFE2TB,10
MZATGX9Y,10
9NKV1TBC,10
73DV5F0K,10
58KRI1Y0,10
8YBQT0PK,10
F7MYL9ZJ,10
J40WFGT7,10
RBZFSVUG,10
GOMZ2CU6,10
EW7ZM6AN,10
JSBCAQ7L,10
YJ1GOZ3B,10
YGIF6L8M,10
CQJ9MRWA,10
SAVY3BEW,10
HQLOG4M6,10
GMU9KNLP,10
30HJAQLM,10
FVKG075E,10
THEB4UWY,10
45BNAP03,10
03MTKYI7,10
YO0JA4Q8,10
QIC5P87Y,10
1OBNGXP7,10
BG0Q3MPV,10
QN4KXDR5,10
AQT4CMNZ,10
420Q8G5K,10
GNU1YSOB,10
U8YT2QF9,10
B9T4SZ1I,10
J4T620FO,10
FW8GAPOZ,10
FJADU82K,10
CZGJM0P8,10
P92WRI0G,10
627V9TGQ,10
