SLNYV4PX,20
1LZKHITQ,20
CKZO0PLG,20
ZMPDUIXO,20
Y8Q643WZ,20
AYCE68HV,20
YZCNQ2V9,20
52C1ZHP8,20
2EP0W56I,20
CRJS2P9U,20
UZ1JSRNA,20
3E7FTHRZ,20
1XDZ03FR,20
8QGE3MHV,20
RVCW83G5,20
RY1F30AI,20
Y48MSXC2,20
9ZJHSMNQ,20
4F1H6JLA,20
EBGIXJ5R,20
CK9W3XST,20
YFSMEKPI,20
AWHX69Y2,20
YU93Q0NO,20
JWZY3VGK,20
1SBZFY25,20
RPE7NS8F,20
59OLBPRQ,20
0S7EYFPO,20
BFI97LOQ,20
WF73ZKE5,20
61LCYJGB,20
NRUPAF50,20
AZNIOWFX,20
8IKXAVMB,20
LZ9A7FX5,20
BPGLVUIF,20
0FMJE3Y4,20
TWPD2A7K,20
Z5HCB06T,20
PHR9Q731,20
LU68PRHK,20
R42FAOD3,20
MNKPTEBU,20
ARTLKNX5,20
1YGMXRSW,20
HF8RSO1E,20
EQIZX0WT,20
Q35F7TDA,20
98T6R1ZM,20
L6IOYA0K,20
LCSPTADV,20
W7X0BRU2,20
OV108NJE,20
Q1I9NVAX,20
JESYZHAQ,20
SGEZ8T0D,20
VXC3BL1F,20
LF6YSGW1,20
ERIHZDVO,20
XWFQSBI2,20
2ZBVQ6JS,20
9T8RDQX5,20
MVAIEYUW,20
5OLQ48ZX,20
