TE6FDVYR,5
TE5ZNK4A,5
TEX7Z1NE,5
TED7ZNH5,5
TEFLU8HK,5
TESC2L43,5
TEY1GT52,5
TE2T9KR5,5
TE3NO6FR,5
TEKYZS28,5
TEGDKFN6,5
TERFK3LZ,5
TETQYRUN,5
TE1R765O,5
TE1OUT2M,5
TEQMOBE1,5
TERF068H,5
TEPYSVXT,5
TE9TMUCX,5
TE9O6Q25,5
TEDQUGC5,5
TE5YW62E,5
TEKALE4X,5
TEUL8VIP,5
TEEVIJNQ,5
TEHAZGTV,5
TE5J0B6K,5
TE5O3X6N,5
TE86XBNE,5
TEHX3FG9,5
TEAHX2PZ,5
TEISRY1P,5
TERVPF3I,5
TE57MLG0,5
TEE18AG7,5
TEB91EO2,5
TENWVCDA,5
TEJNY7SQ,5
TEFKOCH0,5
TESQZUDG,5
TEI3AERS,5
TEZ8IXC0,5
TEA6BKWZ,5
TEW5NI30,5
TEMFN2AI,5
TEVOKBGN,5
TEDTXKWV,5
TE87BHJS,5
TE5QFVNA,5
TEFP0V9S,5
TE2WD1IU,5
TEEAFJPI,5
TEPZ56C7,5
TETYSINZ,5
TEGQCJLN,5
TEO3FEMD,5
TEB5WATD,5
TEYD4ET2,5
TE0T421D,5
TETSM7L5,5
TE0E4V2N,5
TERO3E5C,5
TE4IFU0G,5
TEHAI8WT,5
TELRATE9,5
